{
    "0": {
        "numero": "575",
        "ano": "1894-11-08",
        "pessoas": [
            {
                "nome": "Aarao Pereira Silva"
            },
            {
                "nome": "Antonio Pereira Silva"
            },
            {
                "nome": "Francisca Campos Silva"
            }
        ]
    },
    "1": {
        "numero": "582",
        "ano": "1909-05-12",
        "pessoas": [
            {
                "nome": "Abel Almeida"
            },
            {
                "nome": "Antonio Manuel Almeida"
            },
            {
                "nome": "Teresa Maria Sousa"
            }
        ]
    },
    "2": {
        "numero": "569",
        "ano": "1867-05-23",
        "pessoas": [
            {
                "nome": "Abel Alves Barroso"
            },
            {
                "nome": "Antonio Alves Barroso"
            },
            {
                "nome": "Maria Jose Alvares Barroso"
            },
            {
                "nome": "Bento Alvares Barroso",
                "parentesco": "Tio Paterno",
                "processo": "32057"
            },
            {
                "nome": "   Domingos Jose Alvares Barroso",
                "parentesco": "Tio Materno",
                "processo": "32235"
            }
        ]
    },
    "3": {
        "numero": "576",
        "ano": "1896-11-28",
        "pessoas": [
            {
                "nome": "Abel Augusto Oliveira"
            },
            {
                "nome": "Francisco Jose Oliveira"
            },
            {
                "nome": "Antonia Rosa Rebelo"
            },
            {
                "nome": "Jose Antonio Oliveira",
                "parentesco": "Irmao",
                "processo": "5020"
            }
        ]
    },
    "4": {
        "numero": "579",
        "ano": "1904-05-27",
        "pessoas": [
            {
                "nome": "Abel Gomes Abreu Reis"
            },
            {
                "nome": "Antonio Gomes Abreu"
            },
            {
                "nome": "Ana Sequeira Reis"
            }
        ]
    },
    "5": {
        "numero": "579",
        "ano": "1904-05-21",
        "pessoas": [
            {
                "nome": "Abel Marques Reis"
            },
            {
                "nome": "Jose Joaquim Marques Reis"
            },
            {
                "nome": "Bernardina Dantas"
            }
        ]
    },
    "6": {
        "numero": "578",
        "ano": "1901-11-12",
        "pessoas": [
            {
                "nome": "Abel Martins Pereira"
            },
            {
                "nome": "Serafim Martins Pereira"
            },
            {
                "nome": "Emilia Goncalves"
            }
        ]
    },
    "7": {
        "numero": "572",
        "ano": "1883-02-01",
        "pessoas": [
            {
                "nome": "Abel Pedro Pereira Freitas"
            },
            {
                "nome": "Joao Freitas Oliveira"
            },
            {
                "nome": "Cecilia Rosa Pereira"
            }
        ]
    },
    "8": {
        "numero": "578",
        "ano": "1900-08-30",
        "pessoas": [
            {
                "nome": "Abel Silva Carvalho"
            },
            {
                "nome": "Constantino Silva Rego"
            },
            {
                "nome": "Margarida Rosa Carvalho"
            }
        ]
    },
    "9": {
        "numero": "575",
        "ano": "1894-04-30",
        "pessoas": [
            {
                "nome": "Abelardo Jose Cerqueira Araujo"
            },
            {
                "nome": "Jose Maria Araujo"
            },
            {
                "nome": "Leopoldina Cerqueira Ribeiro Araujo"
            }
        ]
    },
    "10": {
        "numero": "575",
        "ano": "1894-04-30",
        "pessoas": [
            {
                "nome": "Abelardo Jose Cerqueira Araujo"
            },
            {
                "nome": "Jose Maria Araujo"
            },
            {
                "nome": "Leopoldina Cerqueira Ribeiro Araujo"
            }
        ]
    },
    "11": {
        "numero": "572",
        "ano": "1883-11-24",
        "pessoas": [
            {
                "nome": "Abilio Acacio Conceicao Guerreiro"
            },
            {
                "nome": "Jose Antonio Pereira Dantas Guerreiro"
            },
            {
                "nome": "Maria Rita Pereira Monteiro"
            }
        ]
    },
    "12": {
        "numero": "579",
        "ano": "1902-10-23",
        "pessoas": [
            {
                "nome": "Abilio Aires Sousa Pereira Guimaraes"
            },
            {
                "nome": "Joaquim Aires Sousa Pereira Guimaraes"
            },
            {
                "nome": "Josefa Rosa Gomes"
            }
        ]
    },
    "13": {
        "numero": "571",
        "ano": "1880-01-24",
        "pessoas": [
            {
                "nome": "Abilio Antonio Alves"
            },
            {
                "nome": "Joao Francisco Alves"
            },
            {
                "nome": "Maria Jesus Rocha"
            }
        ]
    },
    "14": {
        "numero": "573",
        "ano": "1889-12-03",
        "pessoas": [
            {
                "nome": "Abilio Augusto Arantes"
            },
            {
                "nome": "Sebastiao Arantes"
            },
            {
                "nome": "Maria Sousa"
            }
        ]
    },
    "15": {
        "numero": "581",
        "ano": "1908-08-11",
        "pessoas": [
            {
                "nome": "Abilio Augusto Galvao"
            },
            {
                "nome": "Antonio Augusto Galvao"
            },
            {
                "nome": "Perpetua Duarte Galvao"
            }
        ]
    },
    "16": {
        "numero": "581",
        "ano": "1908-05-20",
        "pessoas": [
            {
                "nome": "Abilio Augusto Magalhaes"
            },
            {
                "nome": "Maria Jesus Magalhaes"
            }
        ]
    },
    "17": {
        "numero": "581",
        "ano": "1908-05-20",
        "pessoas": [
            {
                "nome": "Abilio Augusto Magalhaes"
            },
            {
                "nome": "Maria Jesus Magalhaes"
            }
        ]
    },
    "18": {
        "numero": "581",
        "ano": "1908-05-20",
        "pessoas": [
            {
                "nome": "Abilio Augusto Magalhaes"
            },
            {
                "nome": "Maria Jesus Magalhaes"
            }
        ]
    },
    "19": {
        "numero": "569",
        "ano": "1869-12-02",
        "pessoas": [
            {
                "nome": "Abilio Augusto Santos"
            },
            {
                "nome": "Jose Joaquim Santos"
            },
            {
                "nome": "Teresa Jesus"
            },
            {
                "nome": "Antonio Jose Adao",
                "parentesco": "Tio Materno",
                "processo": "12530"
            },
            {
                "nome": "   Albino Antonio Ribeiro",
                "parentesco": "Primo Paterno",
                "processo": "12721"
            }
        ]
    }
}